"Group","Zip","Path","MB","File"
"tile_break","C:\Users\amdic\dev\MTile\Assets\Sounds\Sonniss.com-GDC2026-GameAudioBundle2of5.zip","Alexander Kopeikin - 100 kHz Designed Ice/ice, block of ice crushed, heavy-015.wav","0.78","ice, block of ice crushed, heavy-015.wav"
"tile_break","C:\Users\amdic\dev\MTile\Assets\Sounds\Sonniss.com-GDC2026-GameAudioBundle2of5.zip","Alexander Kopeikin - 100 kHz Designed Ice/ice, crack, ice block snapping-001.wav","1.64","ice, crack, ice block snapping-001.wav"
"tile_break","C:\Users\amdic\dev\MTile\Assets\Sounds\Sonniss.com-GDC2026-GameAudioBundle2of5.zip","Alexander Kopeikin - 100 kHz Designed Ice/ice, surface cracking, fissure, fast, hard-003.wav","2.77","ice, surface cracking, fissure, fast, hard-003.wav"
"tile_break","C:\Users\amdic\dev\MTile\Assets\Sounds\Sonniss.com-GDC2026-GameAudioBundle2of5.zip","Alexander Kopeikin - 100 kHz Designed Ice/ice, movement, ice drift, ice field cracking up, initial, wide-001.wav","45.75","ice, movement, ice drift, ice field cracking up, initial, wide-001.wav"
"tile_break","C:\Users\amdic\dev\MTile\Assets\Sounds\Sonniss.com-GDC2026-GameAudioBundle2of5.zip","Epic Stock Media - Tower Defense Game/ICEBrk_Skill Freeze Whoosh Break Impact Layered Movement Shatter 03_ESM_TDG.wav","4.48","ICEBrk_Skill Freeze Whoosh Break Impact Layered Movement Shatter 03_ESM_TDG.wav"
"tile_break","C:\Users\amdic\dev\MTile\Assets\Sounds\Sonniss.com-GDC2026-GameAudioBundle2of5.zip","Epic Stock Media - Elemental Mutation Whooshes and Impacts/GLASMvmt_Whoosh Glass Crystal Fragments Sharp Shards Dry 05_ESM_EMWI.wav","1.82","GLASMvmt_Whoosh Glass Crystal Fragments Sharp Shards Dry 05_ESM_EMWI.wav"
"tile_break","C:\Users\amdic\dev\MTile\Assets\Sounds\Sonniss.com-GDC2026-GameAudioBundle2of5.zip","Cinematic Sound Design - Colossal Impacts/Woosh Debris.wav","1.31","Woosh Debris.wav"
"tile_break","C:\Users\amdic\dev\MTile\Assets\Sounds\Sonniss.com-GDC2026-GameAudioBundle2of5.zip","Epic Stock Media - Halloween Game - Haunted House and Horror Audio Scare Kit/GORESplt_Gore Designed Transient Heavy Impact Smash 01_ESM_HALG.wav","1.18","GORESplt_Gore Designed Transient Heavy Impact Smash 01_ESM_HALG.wav"
"tile_break","C:\Users\amdic\dev\MTile\Assets\Sounds\Sonniss.com-GDC2026-GameAudioBundle2of5.zip","Epic Stock Media - Anime Game/EXPLDsgn_Explosion Small Blast Enemy Death Crunchy Boom Cartoon Noisy Crash Impact Delay 03_ESM_AG.wav","1.34","EXPLDsgn_Explosion Small Blast Enemy Death Crunchy Boom Cartoon Noisy Crash Impact Delay 03_ESM_AG.wav"
"tile_break","C:\Users\amdic\dev\MTile\Assets\Sounds\Sonniss.com-GDC2026-GameAudioBundle2of5.zip","Cinematic Sound Design - UI Interaction Elements/Accept Boing Crunch.wav","0.53","Accept Boing Crunch.wav"
"tile_break","C:\Users\amdic\dev\MTile\Assets\Sounds\Sonniss.com-GDC2026-GameAudioBundle3of5.zip","Ivo Vicic - Fireworks FX/13 Fireworks_powerful explosions_multiples in a row_near.wav","13.3","13 Fireworks_powerful explosions_multiples in a row_near.wav"
"tile_break","C:\Users\amdic\dev\MTile\Assets\Sounds\Sonniss.com-GDC2026-GameAudioBundle3of5.zip","Ivo Vicic - Fireworks FX/02 Fireworks_ explosions_dense_whistles.wav","53.57","02 Fireworks_ explosions_dense_whistles.wav"
"tile_break","C:\Users\amdic\dev\MTile\Assets\Sounds\Sonniss.com-GDC2026-GameAudioBundle4of5.zip","Sonic Bat - Fireworks Ambience/SBfa_Fireworks 001.wav","24.67","SBfa_Fireworks 001.wav"
"tile_break","C:\Users\amdic\dev\MTile\Assets\Sounds\Sonniss.com-GDC2026-GameAudioBundle3of5.zip","Jake Fielding - Interior Wind Rain and Storms/HAIL_Hail on Door Window, UVPC_JF_INT Storm.wav","36.44","HAIL_Hail on Door Window, UVPC_JF_INT Storm.wav"
"tile_break","C:\Users\amdic\dev\MTile\Assets\Sounds\Sonniss.com-GDC2026-GameAudioBundle2of5.zip","Epic Stock Media - Synthesized Nature Loops and Sounds/FIREBurn_Loop Elements Fire Crackling Crunchy Flame Burn 03_ESM_SNLS.wav","3.73","FIREBurn_Loop Elements Fire Crackling Crunchy Flame Burn 03_ESM_SNLS.wav"
"tile_break","C:\Users\amdic\dev\MTile\Assets\Sounds\Sonniss.com-GDC2026-GameAudioBundle3of5.zip","Ivo Vicic - Campfire - Bonfire FX/24 Campfire, Dropping Fresh Pine Branches in Fire, Crackling, Sizzling Strong, Close 02.wav","66.25","24 Campfire, Dropping Fresh Pine Branches in Fire, Crackling, Sizzling Strong, Close 02.wav"
"tile_break","C:\Users\amdic\dev\MTile\Assets\Sounds\Sonniss.com-GDC2026-GameAudioBundle2of5.zip","Epic Stock Media - Public Spaces - Urban Life Exteriors/AMBCnst_Baltimore Construction Streetside Heavy Machinery And Jakchammers 01_ESM_CPS.wav","60.52","AMBCnst_Baltimore Construction Streetside Heavy Machinery And Jakchammers 01_ESM_CPS.wav"
"tile_break","C:\Users\amdic\dev\MTile\Assets\Sounds\Sonniss.com-GDC2026-GameAudioBundle1of5.zip","344 Audio - Dinosaurs Vol. 2/ANMLRept_Dinosaur Eating Meat 01_344 Audio_Dinosaurs Vol 2.wav","10.75","ANMLRept_Dinosaur Eating Meat 01_344 Audio_Dinosaurs Vol 2.wav"
"tile_break","C:\Users\amdic\dev\MTile\Assets\Sounds\Sonniss.com-GDC2026-GameAudioBundle1of5.zip","344 Audio - Barbershop Vol. 2/OBJMisc_Hair Scissor, Snips 4_344 Audio_Barbershop Vol 2.wav","2.85","OBJMisc_Hair Scissor, Snips 4_344 Audio_Barbershop Vol 2.wav"
"debris_scatter","C:\Users\amdic\dev\MTile\Assets\Sounds\Sonniss.com-GDC2026-GameAudioBundle1of5.zip","344 Audio - Cinema Experience Vol. 1/FOODMisc_Broom Sweeping Up Snacks On Hard Floor 2_344 Audio_CInema Experience.wav","3.29","FOODMisc_Broom Sweeping Up Snacks On Hard Floor 2_344 Audio_CInema Experience.wav"
"debris_scatter","C:\Users\amdic\dev\MTile\Assets\Sounds\Sonniss.com-GDC2026-GameAudioBundle1of5.zip","344 Audio - Antique Books/PAPRMisc_Pile Of Antique Books Falling Over 8_344 Audio_Antiques - Books.wav","1.55","PAPRMisc_Pile Of Antique Books Falling Over 8_344 Audio_Antiques - Books.wav"
"debris_scatter","C:\Users\amdic\dev\MTile\Assets\Sounds\Sonniss.com-GDC2026-GameAudioBundle2of5.zip","Epic Stock Media - Board Game - Sound Set Kit for Tabletop and Digital Games/GAMEBoard_Event Board Reset Organic Multiple Pieces Wood Small 02_ESM_BG.wav","0.74","GAMEBoard_Event Board Reset Organic Multiple Pieces Wood Small 02_ESM_BG.wav"
"debris_scatter","C:\Users\amdic\dev\MTile\Assets\Sounds\Sonniss.com-GDC2026-GameAudioBundle2of5.zip","Cinematic Sound Design - Paper Foley/Newspaper Static Foley Rummage.wav","2.83","Newspaper Static Foley Rummage.wav"
"debris_scatter","C:\Users\amdic\dev\MTile\Assets\Sounds\Sonniss.com-GDC2026-GameAudioBundle1of5.zip","344 Audio - Christmas Vol. 1/MAGMisc_Wrapping Paper, Opening Present 1_344 Audio_Christmas.wav","1.55","MAGMisc_Wrapping Paper, Opening Present 1_344 Audio_Christmas.wav"
"scrape_loop","C:\Users\amdic\dev\MTile\Assets\Sounds\Sonniss.com-GDC2026-GameAudioBundle3of5.zip","InMotionAudio - Sinister Textures 5/GOREMisc_Cladding_NailScratch19_InMotionAudio_SinisterTextures5.wav","0.53","GOREMisc_Cladding_NailScratch19_InMotionAudio_SinisterTextures5.wav"
"scrape_loop","C:\Users\amdic\dev\MTile\Assets\Sounds\Sonniss.com-GDC2026-GameAudioBundle3of5.zip","InMotionAudio - Sinister Textures 5/GOREMisc_Concrete_MetalPipe02_InMotionAudio_SinisterTextures5.wav","0.25","GOREMisc_Concrete_MetalPipe02_InMotionAudio_SinisterTextures5.wav"
"scrape_loop","C:\Users\amdic\dev\MTile\Assets\Sounds\Sonniss.com-GDC2026-GameAudioBundle3of5.zip","InMotionAudio - Sinister Textures 5/GOREMisc_Cladding_Scratch06_InMotionAudio_SinisterTextures5.wav","0.91","GOREMisc_Cladding_Scratch06_InMotionAudio_SinisterTextures5.wav"
"scrape_loop","C:\Users\amdic\dev\MTile\Assets\Sounds\Sonniss.com-GDC2026-GameAudioBundle2of5.zip","David Dumais Audio - Melee Weapons Sound Effects Pack 2/METLFric_SWING SCRAPE Swift Melee Weapon Swing With A Long Blade 14_DDUMAIS_MWP2.wav","5.39","METLFric_SWING SCRAPE Swift Melee Weapon Swing With A Long Blade 14_DDUMAIS_MWP2.wav"
"scrape_loop","C:\Users\amdic\dev\MTile\Assets\Sounds\Sonniss.com-GDC2026-GameAudioBundle1of5.zip","344 Audio - Extreme Winds Vol. 1/METLFric_Large Metal Box, Drag, Geofon_344 Audio_Extreme Winds Vol 1.wav","37.16","METLFric_Large Metal Box, Drag, Geofon_344 Audio_Extreme Winds Vol 1.wav"
"scrape_loop","C:\Users\amdic\dev\MTile\Assets\Sounds\Sonniss.com-GDC2026-GameAudioBundle2of5.zip","Epic Stock Media - HD Game Materials/WOODFric_Wood Shaker Microphone Head Roll Table Alternate Grainy 05_ESM_HDGM.wav","2.69","WOODFric_Wood Shaker Microphone Head Roll Table Alternate Grainy 05_ESM_HDGM.wav"
"scrape_loop","C:\Users\amdic\dev\MTile\Assets\Sounds\Sonniss.com-GDC2026-GameAudioBundle2of5.zip","Epic Stock Media - HD Game Materials/ICEFric_Dry Ice High Metal Squeal Groan Bright Squeak Dissonant Short 13_ESM_HDGM.wav","2.56","ICEFric_Dry Ice High Metal Squeal Groan Bright Squeak Dissonant Short 13_ESM_HDGM.wav"
"scrape_loop","C:\Users\amdic\dev\MTile\Assets\Sounds\Sonniss.com-GDC2026-GameAudioBundle2of5.zip","Epic Stock Media - HD Game Materials/ICEFric_Dry Ice Squeak Metal Animal Mouse Imitation Short 07_ESM_HDGM.wav","1.6","ICEFric_Dry Ice Squeak Metal Animal Mouse Imitation Short 07_ESM_HDGM.wav"
"scrape_loop","C:\Users\amdic\dev\MTile\Assets\Sounds\Sonniss.com-GDC2026-GameAudioBundle3of5.zip","InMotionAudio - Scratch Card/OBJMisc_ScratchCard_SurfaceWipe_04_InMotionAudio_ScratchCard.wav","0.6","OBJMisc_ScratchCard_SurfaceWipe_04_InMotionAudio_ScratchCard.wav"
"scrape_loop","C:\Users\amdic\dev\MTile\Assets\Sounds\Sonniss.com-GDC2026-GameAudioBundle3of5.zip","InMotionAudio - Scratch Card/OBJMisc_ScratchCard_CoinTapScratch_01_InMotionAudio_ScratchCard.wav","0.63","OBJMisc_ScratchCard_CoinTapScratch_01_InMotionAudio_ScratchCard.wav"
"hit_impact","C:\Users\amdic\dev\MTile\Assets\Sounds\Sonniss.com-GDC2026-GameAudioBundle2of5.zip","Epic Stock Media - Anime Game/FGHTImpt_Combat Punch Impact Light Hit Delay Crunchy Vintage Quick Smack 05_ESM_AG.wav","1.11","FGHTImpt_Combat Punch Impact Light Hit Delay Crunchy Vintage Quick Smack 05_ESM_AG.wav"
"hit_impact","C:\Users\amdic\dev\MTile\Assets\Sounds\Sonniss.com-GDC2026-GameAudioBundle1of5.zip","344 Audio - Cinematic Fight Vol. 1/FGHTImpt_4 x Punch, Body 02_344 Audio_Cinematic Fight Vol 1.wav","4.32","FGHTImpt_4 x Punch, Body 02_344 Audio_Cinematic Fight Vol 1.wav"
"hit_impact","C:\Users\amdic\dev\MTile\Assets\Sounds\Sonniss.com-GDC2026-GameAudioBundle2of5.zip","David Dumais Audio - Melee Weapons Sound Effects Pack 2/METLImpt_METAL SWING HIT Weapon Swing To Metallic Body Impact And Resonant Tail 01_DDUMAIS_MWP2.wav","5.71","METLImpt_METAL SWING HIT Weapon Swing To Metallic Body Impact And Resonant Tail 01_DDUMAIS_MWP2.wav"
"hit_impact","C:\Users\amdic\dev\MTile\Assets\Sounds\Sonniss.com-GDC2026-GameAudioBundle2of5.zip","Epic Stock Media - HD Game Materials/METLImpt_Metal Old File Impact Tap Against Tire Iron Metallic Hit 01_ESM_HDGM.wav","0.66","METLImpt_Metal Old File Impact Tap Against Tire Iron Metallic Hit 01_ESM_HDGM.wav"
"hit_impact","C:\Users\amdic\dev\MTile\Assets\Sounds\Sonniss.com-GDC2026-GameAudioBundle2of5.zip","Epic Stock Media - Tower Defense Game/WOODImpt_Hit Blood Spill Splat Wood Impact Light Hit Squelch Small Thump 03_ESM_TDG.wav","3.28","WOODImpt_Hit Blood Spill Splat Wood Impact Light Hit Squelch Small Thump 03_ESM_TDG.wav"
"hit_impact","C:\Users\amdic\dev\MTile\Assets\Sounds\Sonniss.com-GDC2026-GameAudioBundle1of5.zip","344 Audio - Historical Weapons Vol. 2/WEAPBlnt_Spear And Stick Impact, Wooden MKH 2_344 Audio_Medieval Weapons Vol 2.wav","12.48","WEAPBlnt_Spear And Stick Impact, Wooden MKH 2_344 Audio_Medieval Weapons Vol 2.wav"
"hit_impact","C:\Users\amdic\dev\MTile\Assets\Sounds\Sonniss.com-GDC2026-GameAudioBundle2of5.zip","David Dumais Audio - Melee Weapons Sound Effects Pack 2/SWSH_SWING IMPACTS Quick Heavy Weapon Swing To Thud Impact Var 01_DDUMAIS_MWP2.wav","38.06","SWSH_SWING IMPACTS Quick Heavy Weapon Swing To Thud Impact Var 01_DDUMAIS_MWP2.wav"
"hit_impact","C:\Users\amdic\dev\MTile\Assets\Sounds\Sonniss.com-GDC2026-GameAudioBundle2of5.zip","Cinematic Sound Design - Colossal Impacts/Impact Cut Sweep.wav","1.54","Impact Cut Sweep.wav"
"hit_impact","C:\Users\amdic\dev\MTile\Assets\Sounds\Sonniss.com-GDC2026-GameAudioBundle2of5.zip","Cinematic Sound Design - Ultra Transitions & Impacts/Impact Hit Rapid Chord Reverb.wav","1.76","Impact Hit Rapid Chord Reverb.wav"
"hit_impact","C:\Users\amdic\dev\MTile\Assets\Sounds\Sonniss.com-GDC2026-GameAudioBundle2of5.zip","Cinematic Sound Design - Cartoon Bloopers/Arrow Hit Rattle.wav","0.6","Arrow Hit Rattle.wav"
"hit_impact","C:\Users\amdic\dev\MTile\Assets\Sounds\Sonniss.com-GDC2026-GameAudioBundle2of5.zip","Epic Stock Media - Humanoid Creatures Vol 4 - Monstrous and Undead Creature Vocalization Sound Sets/CREAHmn_Designed Orc Male Attack Long Heavy Hit Charged Up 03_ESM_HC4.wav","1.88","CREAHmn_Designed Orc Male Attack Long Heavy Hit Charged Up 03_ESM_HC4.wav"
"land_place_thunk","C:\Users\amdic\dev\MTile\Assets\Sounds\Sonniss.com-GDC2026-GameAudioBundle2of5.zip","Epic Stock Media - HD Lock And Mechanism Sound Design Kit/MECHLtch_Click Deep Mechanism Latch Button Nearfield Thunk 02_ESM_HDLM.wav","0.56","MECHLtch_Click Deep Mechanism Latch Button Nearfield Thunk 02_ESM_HDLM.wav"
"land_place_thunk","C:\Users\amdic\dev\MTile\Assets\Sounds\Sonniss.com-GDC2026-GameAudioBundle3of5.zip","InMotionAudio - Instrument Case/OBJLug_CaseDown_Concrete12_InMotionAudio_InstrumentCase.wav","0.81","OBJLug_CaseDown_Concrete12_InMotionAudio_InstrumentCase.wav"
"land_place_thunk","C:\Users\amdic\dev\MTile\Assets\Sounds\Sonniss.com-GDC2026-GameAudioBundle2of5.zip","Epic Stock Media - Board Game - Sound Set Kit for Tabletop and Digital Games/GAMEBoard_Game Play Piece Action Organic Connect Dots Fall Bounce 04_ESM_BG.wav","0.24","GAMEBoard_Game Play Piece Action Organic Connect Dots Fall Bounce 04_ESM_BG.wav"
"land_place_thunk","C:\Users\amdic\dev\MTile\Assets\Sounds\Sonniss.com-GDC2026-GameAudioBundle2of5.zip","Epic Stock Media - HD Lock And Mechanism Sound Design Kit/METLTonl_Item Spring Wire Impact Flick Top Clatter Light Tap Roll Handling Short 01_ESM_HDLM.wav","12.75","METLTonl_Item Spring Wire Impact Flick Top Clatter Light Tap Roll Handling Short 01_ESM_HDLM.wav"
"whoosh_jump","C:\Users\amdic\dev\MTile\Assets\Sounds\Sonniss.com-GDC2026-GameAudioBundle1of5.zip","344 Audio - Elemental Palette Designed Vol. 1/WINDDsgn_Wind, Rush, Whoosh, Long x5 01_344 Audio_Elemental Palette Designed Vol 1.wav","0.58","WINDDsgn_Wind, Rush, Whoosh, Long x5 01_344 Audio_Elemental Palette Designed Vol 1.wav"
"whoosh_jump","C:\Users\amdic\dev\MTile\Assets\Sounds\Sonniss.com-GDC2026-GameAudioBundle1of5.zip","344 Audio - Elemental Palette Designed Vol. 1/METLMisc_Metal, Slow Whoosh, Rattle, Pass By x4 01_344 Audio_Elemental Palette Designed Vol 1.wav","0.67","METLMisc_Metal, Slow Whoosh, Rattle, Pass By x4 01_344 Audio_Elemental Palette Designed Vol 1.wav"
"whoosh_jump","C:\Users\amdic\dev\MTile\Assets\Sounds\Sonniss.com-GDC2026-GameAudioBundle2of5.zip","Epic Stock Media - Elemental Mutation Whooshes and Impacts/FIREWhsh_Whoosh Fire Deep Growl Monster Saturated Crisp 03_ESM_EMWI.wav","1.73","FIREWhsh_Whoosh Fire Deep Growl Monster Saturated Crisp 03_ESM_EMWI.wav"
"whoosh_jump","C:\Users\amdic\dev\MTile\Assets\Sounds\Sonniss.com-GDC2026-GameAudioBundle2of5.zip","Epic Stock Media - Tower Defense Game/DSGNStngr_Action Deploy Units Sword Slice Special Move Layered Swish 04_ESM_TDG.wav","4.45","DSGNStngr_Action Deploy Units Sword Slice Special Move Layered Swish 04_ESM_TDG.wav"
"whoosh_jump","C:\Users\amdic\dev\MTile\Assets\Sounds\Sonniss.com-GDC2026-GameAudioBundle1of5.zip","344 Audio - Historical Weapons Vol. 2/WEAPSwrd_Sword Slide Cuts, Metallic, Impact CM4 2_344 Audio_Medieval Weapons Vol 2.wav","14.32","WEAPSwrd_Sword Slide Cuts, Metallic, Impact CM4 2_344 Audio_Medieval Weapons Vol 2.wav"
"whoosh_jump","C:\Users\amdic\dev\MTile\Assets\Sounds\Sonniss.com-GDC2026-GameAudioBundle2of5.zip","Cinematic Sound Design - Ultra Transitions & Impacts/Woosh Sweep Slide Infographics Basic.wav","0.28","Woosh Sweep Slide Infographics Basic.wav"
"whoosh_jump","C:\Users\amdic\dev\MTile\Assets\Sounds\Sonniss.com-GDC2026-GameAudioBundle2of5.zip","Cinematic Sound Design - Hybrid Game & UI Elements/Cofetti Whoosh Pluck Spill.wav","1.4","Cofetti Whoosh Pluck Spill.wav"
"whoosh_jump","C:\Users\amdic\dev\MTile\Assets\Sounds\Sonniss.com-GDC2026-GameAudioBundle2of5.zip","Cinematic Sound Design - Cartoon Impacts/Vibrato Impact Snap Spin Transition.wav","1.76","Vibrato Impact Snap Spin Transition.wav"
"whoosh_jump","C:\Users\amdic\dev\MTile\Assets\Sounds\Sonniss.com-GDC2026-GameAudioBundle2of5.zip","David Dumais Audio - Melee Weapons Sound Effects Pack 2/WEAPWhip_WHIP Snap Crack 05_DDUMAIS_MWP2.wav","4.91","WEAPWhip_WHIP Snap Crack 05_DDUMAIS_MWP2.wav"
"charge_hiss","C:\Users\amdic\dev\MTile\Assets\Sounds\Sonniss.com-GDC2026-GameAudioBundle2of5.zip","Epic Stock Media - Tower Defense Game/ROBTMvmt_Tower Deploy Hitech Robot Motor Dark Thump Servo Whine 04_ESM_TDG.wav","3.67","ROBTMvmt_Tower Deploy Hitech Robot Motor Dark Thump Servo Whine 04_ESM_TDG.wav"
"charge_hiss","C:\Users\amdic\dev\MTile\Assets\Sounds\Sonniss.com-GDC2026-GameAudioBundle3of5.zip","InMotionAudio - Arc/ELECArc_ArcPowerUpDesign04_InMotionAudio_Arc.wav","4.14","ELECArc_ArcPowerUpDesign04_InMotionAudio_Arc.wav"
"charge_hiss","C:\Users\amdic\dev\MTile\Assets\Sounds\Sonniss.com-GDC2026-GameAudioBundle3of5.zip","InMotionAudio - Arc/ELECArc_ArcDesign15_InMotionAudio_Arc.wav","0.58","ELECArc_ArcDesign15_InMotionAudio_Arc.wav"
"charge_hiss","C:\Users\amdic\dev\MTile\Assets\Sounds\Sonniss.com-GDC2026-GameAudioBundle3of5.zip","InMotionAudio - Arc/ELECBuzz_Buzz27_InMotionAudio_Arc.wav","5.41","ELECBuzz_Buzz27_InMotionAudio_Arc.wav"
"charge_hiss","C:\Users\amdic\dev\MTile\Assets\Sounds\Sonniss.com-GDC2026-GameAudioBundle1of5.zip","344 Audio - Bass Drops & Downers Vol. 3/DSGNBass_Jump Start Drop 3_344 Audio_Bass Drops and Downers Vol 3.wav","4.09","DSGNBass_Jump Start Drop 3_344 Audio_Bass Drops and Downers Vol 3.wav"
"charge_hiss","C:\Users\amdic\dev\MTile\Assets\Sounds\Sonniss.com-GDC2026-GameAudioBundle2of5.zip","Epic Stock Media - Elemental Mutation Whooshes and Impacts/ELECMisc_Impact Electric Tonal Deep Movement Motion Hiss Glitch 01_ESM_EMWI.wav","2.4","ELECMisc_Impact Electric Tonal Deep Movement Motion Hiss Glitch 01_ESM_EMWI.wav"
"charge_hiss","C:\Users\amdic\dev\MTile\Assets\Sounds\Sonniss.com-GDC2026-GameAudioBundle1of5.zip","344 Audio - Barbershop Vol. 1/OBJMisc_Spray Bottle, Spray 1_344 Audio_Barbershop Vol 1.wav","0.29","OBJMisc_Spray Bottle, Spray 1_344 Audio_Barbershop Vol 1.wav"
"charge_hiss","C:\Users\amdic\dev\MTile\Assets\Sounds\Sonniss.com-GDC2026-GameAudioBundle1of5.zip","344 Audio - Barbershop Vol. 1/OBJMisc_Hair Dryer, On, Idle, Off 4_344 Audio_Barbershop Vol 1.wav","6.81","OBJMisc_Hair Dryer, On, Idle, Off 4_344 Audio_Barbershop Vol 1.wav"
"peel_tension_snap","C:\Users\amdic\dev\MTile\Assets\Sounds\Sonniss.com-GDC2026-GameAudioBundle3of5.zip","InMotionAudio - Velcro/OBJTape_VelcroRip29_InMotionAudio_Velcro.wav","0.23","OBJTape_VelcroRip29_InMotionAudio_Velcro.wav"
"peel_tension_snap","C:\Users\amdic\dev\MTile\Assets\Sounds\Sonniss.com-GDC2026-GameAudioBundle3of5.zip","InMotionAudio - Velcro/OBJTape_VelcroSqueeze01_InMotionAudio_Velcro.wav","3.69","OBJTape_VelcroSqueeze01_InMotionAudio_Velcro.wav"
"peel_tension_snap","C:\Users\amdic\dev\MTile\Assets\Sounds\Sonniss.com-GDC2026-GameAudioBundle2of5.zip","Cinematic Sound Design - Colossal Impacts/Transition Frantic Shaker Snap.wav","0.8","Transition Frantic Shaker Snap.wav"
"peel_tension_snap","C:\Users\amdic\dev\MTile\Assets\Sounds\Sonniss.com-GDC2026-GameAudioBundle2of5.zip","Epic Stock Media - HD Lock And Mechanism Sound Design Kit/MECHMisc_Tool Tape Measure Pull Retract Spring Slide Spin Long 07_ESM_HDLM.wav","3.73","MECHMisc_Tool Tape Measure Pull Retract Spring Slide Spin Long 07_ESM_HDLM.wav"
"peel_tension_snap","C:\Users\amdic\dev\MTile\Assets\Sounds\Sonniss.com-GDC2026-GameAudioBundle3of5.zip","InMotionAudio - Christmas Cracker/OBJMisc_CrackerPull_WithBang_Effected_03_InMotionAudio_ChristmasCracker.wav","0.29","OBJMisc_CrackerPull_WithBang_Effected_03_InMotionAudio_ChristmasCracker.wav"
"eruption_rumble","C:\Users\amdic\dev\MTile\Assets\Sounds\Sonniss.com-GDC2026-GameAudioBundle3of5.zip","Jake Fielding - Interior Wind Rain and Storms/THUN_Interior Thunder Rumble_JF_INT Storm_01.wav","10.29","THUN_Interior Thunder Rumble_JF_INT Storm_01.wav"
"eruption_rumble","C:\Users\amdic\dev\MTile\Assets\Sounds\Sonniss.com-GDC2026-GameAudioBundle2of5.zip","Federico Soler - Effective Trailer Booms Vol. 2/EffectiveTrailer_Booms_Vol2_075.wav","8.49","EffectiveTrailer_Booms_Vol2_075.wav"
"eruption_rumble","C:\Users\amdic\dev\MTile\Assets\Sounds\Sonniss.com-GDC2026-GameAudioBundle2of5.zip","Federico Soler - Effective Trailer Booms Vol. 2/EffectiveTrailer_Booms_Vol2_214.wav","8.94","EffectiveTrailer_Booms_Vol2_214.wav"
"eruption_rumble","C:\Users\amdic\dev\MTile\Assets\Sounds\Sonniss.com-GDC2026-GameAudioBundle2of5.zip","Federico Soler - Effective Trailer Booms Vol. 2/EffectiveTrailer_Booms_Vol2_011.wav","9.49","EffectiveTrailer_Booms_Vol2_011.wav"
"eruption_rumble","C:\Users\amdic\dev\MTile\Assets\Sounds\Sonniss.com-GDC2026-GameAudioBundle1of5.zip","344 Audio - Bass Drops & Downers Vol. 3/DSGNBass_Rattling Downer 3_344 Audio_Bass Drops and Downers Vol 3.wav","6.18","DSGNBass_Rattling Downer 3_344 Audio_Bass Drops and Downers Vol 3.wav"
"eruption_rumble","C:\Users\amdic\dev\MTile\Assets\Sounds\Sonniss.com-GDC2026-GameAudioBundle1of5.zip","344 Audio - Bass Drops & Downers Vol. 1/DSGNBass_Bass Drop & Downer Fast 16_344 Audio_Bass Drops & Downers.wav","2.37","DSGNBass_Bass Drop & Downer Fast 16_344 Audio_Bass Drops & Downers.wav"
"eruption_rumble","C:\Users\amdic\dev\MTile\Assets\Sounds\Sonniss.com-GDC2026-GameAudioBundle1of5.zip","344 Audio - Air Designed/AEROJet_Blast Off Clean_344 Audio_Air Designed.wav","4.83","AEROJet_Blast Off Clean_344 Audio_Air Designed.wav"
"strain_grab","C:\Users\amdic\dev\MTile\Assets\Sounds\Sonniss.com-GDC2026-GameAudioBundle1of5.zip","344 Audio - Cinematic Fight Vol. 1/FGHTGrab_Choking, Tension 03_344 Audio_Cinematic Fight Vol 1.wav","9.8","FGHTGrab_Choking, Tension 03_344 Audio_Cinematic Fight Vol 1.wav"
"ui","C:\Users\amdic\dev\MTile\Assets\Sounds\Sonniss.com-GDC2026-GameAudioBundle2of5.zip","Epic Stock Media - Board Game - Sound Set Kit for Tabletop and Digital Games/UIClick_UI Button Analog Vintage Double Click Neutral Dry Press 11_ESM_BG.wav","0.48","UIClick_UI Button Analog Vintage Double Click Neutral Dry Press 11_ESM_BG.wav"
"ui","C:\Users\amdic\dev\MTile\Assets\Sounds\Sonniss.com-GDC2026-GameAudioBundle2of5.zip","Cinematic Sound Design - Interface & Infographics/Interface Percussion Snap.wav","0.36","Interface Percussion Snap.wav"
"ui","C:\Users\amdic\dev\MTile\Assets\Sounds\Sonniss.com-GDC2026-GameAudioBundle2of5.zip","Cinematic Sound Design - Interface & Infographics/Interface Accept Glassy Snap.wav","0.24","Interface Accept Glassy Snap.wav"
"ui","C:\Users\amdic\dev\MTile\Assets\Sounds\Sonniss.com-GDC2026-GameAudioBundle2of5.zip","Cinematic Sound Design - UI Interaction Elements/Deny Muted.wav","0.44","Deny Muted.wav"
"ui","C:\Users\amdic\dev\MTile\Assets\Sounds\Sonniss.com-GDC2026-GameAudioBundle2of5.zip","Cinematic Sound Design - System & UI Feedback Elements/Interface Deny Low Fat Dark.wav","0.41","Interface Deny Low Fat Dark.wav"
"ui","C:\Users\amdic\dev\MTile\Assets\Sounds\Sonniss.com-GDC2026-GameAudioBundle2of5.zip","Epic Stock Media - Fantasy Game 2 - Sound Kit for Enchanted Realms/UIAlert_Collect Scifi Futuristic Electronic Bass Burst Sweep Heavy 04_ESM_FG2.wav","0.75","UIAlert_Collect Scifi Futuristic Electronic Bass Burst Sweep Heavy 04_ESM_FG2.wav"
"cloth_movement","C:\Users\amdic\dev\MTile\Assets\Sounds\Sonniss.com-GDC2026-GameAudioBundle3of5.zip","InMotionAudio - Foley T-Shirt/FOLYClth_ClothMovement29_InMotionAudio_FoleyT-Shirt.wav","0.83","FOLYClth_ClothMovement29_InMotionAudio_FoleyT-Shirt.wav"
"cloth_movement","C:\Users\amdic\dev\MTile\Assets\Sounds\Sonniss.com-GDC2026-GameAudioBundle3of5.zip","InMotionAudio - Foley T-Shirt/FOLYClth_ClothMovement24_InMotionAudio_FoleyT-Shirt.wav","1.26","FOLYClth_ClothMovement24_InMotionAudio_FoleyT-Shirt.wav"
"cloth_movement","C:\Users\amdic\dev\MTile\Assets\Sounds\Sonniss.com-GDC2026-GameAudioBundle3of5.zip","InMotionAudio - Foley T-Shirt/FOLYClth_SinglePats04_InMotionAudio_FoleyT-Shirt.wav","0.32","FOLYClth_SinglePats04_InMotionAudio_FoleyT-Shirt.wav"
